Filename,Violations
snippet_399.cpp,
snippet_428.cpp,
snippet_414.cpp,
snippet_372.cpp,
snippet_366.cpp,
snippet_400.cpp,
snippet_831.cpp,
snippet_1.cpp,
snippet_825.cpp,
snippet_819.cpp,
snippet_158.cpp,
snippet_21.cpp,
snippet_170.cpp,
snippet_616.cpp,
snippet_602.cpp,
snippet_164.cpp,
snippet_35.cpp,
snippet_945.cpp,
snippet_789.cpp,
snippet_951.cpp,
snippet_979.cpp,
snippet_986.cpp,
snippet_762.cpp,
snippet_776.cpp,
snippet_548.cpp,
snippet_560.cpp,
snippet_206.cpp,
snippet_212.cpp,
snippet_574.cpp,
snippet_213.cpp,
snippet_575.cpp,
snippet_561.cpp,
snippet_207.cpp,
snippet_549.cpp,
snippet_777.cpp,
snippet_763.cpp,
snippet_987.cpp,
snippet_978.cpp,
snippet_950.cpp,
snippet_788.cpp,
snippet_944.cpp,
snippet_603.cpp,
snippet_34.cpp,
snippet_165.cpp,
snippet_171.cpp,
snippet_20.cpp,
snippet_617.cpp,
snippet_159.cpp,
snippet_818.cpp,
snippet_824.cpp,
snippet_830.cpp,
snippet_367.cpp,
snippet_401.cpp,
snippet_415.cpp,
snippet_373.cpp,
snippet_429.cpp,
snippet_398.cpp,
snippet_359.cpp,
snippet_403.cpp,
snippet_365.cpp,
snippet_371.cpp,
snippet_417.cpp,
snippet_198.cpp,
snippet_826.cpp,
snippet_832.cpp,
snippet_2.cpp,
snippet_629.cpp,
snippet_167.cpp,
snippet_36.cpp,
snippet_601.cpp,
snippet_615.cpp,
snippet_22.cpp,
snippet_173.cpp,
snippet_952.cpp,
snippet_946.cpp,
snippet_749.cpp,
snippet_985.cpp,
snippet_775.cpp,
snippet_761.cpp,
snippet_588.cpp,
snippet_239.cpp,
snippet_577.cpp,
snippet_211.cpp,
snippet_205.cpp,
snippet_563.cpp,
snippet_204.cpp,
snippet_562.cpp,
snippet_576.cpp,
snippet_210.cpp,
snippet_238.cpp,
snippet_589.cpp,
snippet_760.cpp,
snippet_774.cpp,
snippet_984.cpp,
snippet_748.cpp,
snippet_947.cpp,
snippet_953.cpp,
snippet_614.cpp,
snippet_172.cpp,
snippet_23.cpp,
snippet_37.cpp,
snippet_166.cpp,
snippet_600.cpp,
snippet_628.cpp,
snippet_3.cpp,
snippet_833.cpp,
snippet_199.cpp,
snippet_827.cpp,
snippet_370.cpp,
snippet_416.cpp,
snippet_402.cpp,
snippet_364.cpp,
snippet_358.cpp,
snippet_360.cpp,
snippet_406.cpp,
snippet_412.cpp,
snippet_374.cpp,
snippet_348.cpp,
snippet_823.cpp,
snippet_189.cpp,
snippet_837.cpp,
snippet_7.cpp,
snippet_604.cpp,
snippet_162.cpp,
snippet_33.cpp,
snippet_27.cpp,
snippet_176.cpp,
snippet_610.cpp,
snippet_638.cpp,
snippet_957.cpp,
snippet_943.cpp,
snippet_770.cpp,
snippet_764.cpp,
snippet_980.cpp,
snippet_758.cpp,
snippet_599.cpp,
snippet_214.cpp,
snippet_572.cpp,
snippet_566.cpp,
snippet_200.cpp,
snippet_228.cpp,
snippet_229.cpp,
snippet_567.cpp,
snippet_201.cpp,
snippet_215.cpp,
snippet_573.cpp,
snippet_598.cpp,
snippet_759.cpp,
snippet_981.cpp,
snippet_765.cpp,
snippet_771.cpp,
snippet_942.cpp,
snippet_956.cpp,
snippet_639.cpp,
snippet_177.cpp,
snippet_26.cpp,
snippet_611.cpp,
snippet_605.cpp,
snippet_32.cpp,
snippet_163.cpp,
snippet_188.cpp,
snippet_6.cpp,
snippet_836.cpp,
snippet_822.cpp,
snippet_349.cpp,
snippet_413.cpp,
snippet_375.cpp,
snippet_361.cpp,
snippet_407.cpp,
snippet_388.cpp,
snippet_377.cpp,
snippet_411.cpp,
snippet_405.cpp,
snippet_363.cpp,
snippet_439.cpp,
snippet_808.cpp,
snippet_834.cpp,
snippet_4.cpp,
snippet_820.cpp,
snippet_613.cpp,
snippet_24.cpp,
snippet_175.cpp,
snippet_161.cpp,
snippet_30.cpp,
snippet_607.cpp,
snippet_149.cpp,
snippet_18.cpp,
snippet_968.cpp,
snippet_798.cpp,
snippet_940.cpp,
snippet_954.cpp,
snippet_767.cpp,
snippet_773.cpp,
snippet_983.cpp,
snippet_203.cpp,
snippet_565.cpp,
snippet_571.cpp,
snippet_217.cpp,
snippet_559.cpp,
snippet_558.cpp,
snippet_570.cpp,
snippet_216.cpp,
snippet_202.cpp,
snippet_564.cpp,
snippet_982.cpp,
snippet_772.cpp,
snippet_766.cpp,
snippet_955.cpp,
snippet_941.cpp,
snippet_799.cpp,
snippet_969.cpp,
snippet_19.cpp,
snippet_148.cpp,
snippet_31.cpp,
snippet_160.cpp,
snippet_606.cpp,
snippet_612.cpp,
snippet_174.cpp,
snippet_25.cpp,
snippet_821.cpp,
snippet_5.cpp,
snippet_835.cpp,
snippet_809.cpp,
snippet_438.cpp,
snippet_404.cpp,
snippet_362.cpp,
snippet_376.cpp,
snippet_410.cpp,
snippet_389.cpp,
snippet_488.cpp,
snippet_339.cpp,
snippet_311.cpp,
snippet_477.cpp,
snippet_463.cpp,
snippet_305.cpp,
snippet_852.cpp,
snippet_846.cpp,
snippet_81.cpp,
snippet_95.cpp,
snippet_649.cpp,
snippet_891.cpp,
snippet_885.cpp,
snippet_675.cpp,
snippet_113.cpp,
snippet_42.cpp,
snippet_56.cpp,
snippet_107.cpp,
snippet_661.cpp,
snippet_926.cpp,
snippet_932.cpp,
snippet_729.cpp,
snippet_701.cpp,
snippet_715.cpp,
snippet_259.cpp,
snippet_265.cpp,
snippet_503.cpp,
snippet_517.cpp,
snippet_271.cpp,
snippet_516.cpp,
snippet_270.cpp,
snippet_264.cpp,
snippet_502.cpp,
snippet_258.cpp,
snippet_714.cpp,
snippet_700.cpp,
snippet_728.cpp,
snippet_933.cpp,
snippet_927.cpp,
snippet_106.cpp,
snippet_57.cpp,
snippet_660.cpp,
snippet_674.cpp,
snippet_43.cpp,
snippet_112.cpp,
snippet_884.cpp,
snippet_890.cpp,
snippet_648.cpp,
snippet_94.cpp,
snippet_80.cpp,
snippet_847.cpp,
snippet_853.cpp,
snippet_462.cpp,
snippet_304.cpp,
snippet_310.cpp,
snippet_476.cpp,
snippet_338.cpp,
snippet_489.cpp,
snippet_448.cpp,
snippet_306.cpp,
snippet_460.cpp,
snippet_474.cpp,
snippet_312.cpp,
snippet_845.cpp,
snippet_851.cpp,
snippet_689.cpp,
snippet_879.cpp,
snippet_96.cpp,
snippet_82.cpp,
snippet_886.cpp,
snippet_138.cpp,
snippet_69.cpp,
snippet_892.cpp,
snippet_662.cpp,
snippet_55.cpp,
snippet_104.cpp,
snippet_110.cpp,
snippet_41.cpp,
snippet_676.cpp,
snippet_931.cpp,
snippet_925.cpp,
snippet_919.cpp,
snippet_716.cpp,
snippet_702.cpp,
snippet_299.cpp,
snippet_528.cpp,
snippet_272.cpp,
snippet_514.cpp,
snippet_500.cpp,
snippet_266.cpp,
snippet_501.cpp,
snippet_267.cpp,
snippet_273.cpp,
snippet_515.cpp,
snippet_529.cpp,
snippet_298.cpp,
snippet_703.cpp,
snippet_717.cpp,
snippet_918.cpp,
snippet_924.cpp,
snippet_930.cpp,
snippet_40.cpp,
snippet_111.cpp,
snippet_677.cpp,
snippet_663.cpp,
snippet_105.cpp,
snippet_54.cpp,
snippet_893.cpp,
snippet_887.cpp,
snippet_68.cpp,
snippet_139.cpp,
snippet_83.cpp,
snippet_878.cpp,
snippet_97.cpp,
snippet_688.cpp,
snippet_850.cpp,
snippet_844.cpp,
snippet_475.cpp,
snippet_313.cpp,
snippet_307.cpp,
snippet_461.cpp,
snippet_449.cpp,
snippet_465.cpp,
snippet_303.cpp,
snippet_317.cpp,
snippet_471.cpp,
snippet_459.cpp,
snippet_93.cpp,
snippet_868.cpp,
snippet_87.cpp,
snippet_840.cpp,
snippet_698.cpp,
snippet_854.cpp,
snippet_50.cpp,
snippet_101.cpp,
snippet_667.cpp,
snippet_673.cpp,
snippet_115.cpp,
snippet_44.cpp,
snippet_883.cpp,
snippet_897.cpp,
snippet_78.cpp,
snippet_129.cpp,
snippet_908.cpp,
snippet_934.cpp,
snippet_920.cpp,
snippet_713.cpp,
snippet_707.cpp,
snippet_288.cpp,
snippet_511.cpp,
snippet_277.cpp,
snippet_263.cpp,
snippet_505.cpp,
snippet_539.cpp,
snippet_538.cpp,
snippet_262.cpp,
snippet_504.cpp,
snippet_510.cpp,
snippet_276.cpp,
snippet_289.cpp,
snippet_706.cpp,
snippet_712.cpp,
snippet_921.cpp,
snippet_935.cpp,
snippet_909.cpp,
snippet_896.cpp,
snippet_128.cpp,
snippet_79.cpp,
snippet_882.cpp,
snippet_672.cpp,
snippet_45.cpp,
snippet_114.cpp,
snippet_100.cpp,
snippet_51.cpp,
snippet_666.cpp,
snippet_855.cpp,
snippet_699.cpp,
snippet_841.cpp,
snippet_869.cpp,
snippet_86.cpp,
snippet_92.cpp,
snippet_458.cpp,
snippet_316.cpp,
snippet_470.cpp,
snippet_464.cpp,
snippet_302.cpp,
snippet_499.cpp,
snippet_472.cpp,
snippet_314.cpp,
snippet_300.cpp,
snippet_466.cpp,
snippet_328.cpp,
snippet_84.cpp,
snippet_90.cpp,
snippet_857.cpp,
snippet_843.cpp,
snippet_116.cpp,
snippet_47.cpp,
snippet_670.cpp,
snippet_664.cpp,
snippet_53.cpp,
snippet_102.cpp,
snippet_894.cpp,
snippet_658.cpp,
snippet_880.cpp,
snippet_923.cpp,
snippet_937.cpp,
snippet_704.cpp,
snippet_710.cpp,
snippet_738.cpp,
snippet_506.cpp,
snippet_260.cpp,
snippet_274.cpp,
snippet_512.cpp,
snippet_248.cpp,
snippet_249.cpp,
snippet_275.cpp,
snippet_513.cpp,
snippet_507.cpp,
snippet_261.cpp,
snippet_739.cpp,
snippet_711.cpp,
snippet_705.cpp,
snippet_936.cpp,
snippet_922.cpp,
snippet_881.cpp,
snippet_659.cpp,
snippet_895.cpp,
snippet_665.cpp,
snippet_103.cpp,
snippet_52.cpp,
snippet_46.cpp,
snippet_117.cpp,
snippet_671.cpp,
snippet_842.cpp,
snippet_856.cpp,
snippet_91.cpp,
snippet_85.cpp,
snippet_329.cpp,
snippet_301.cpp,
snippet_467.cpp,
snippet_473.cpp,
snippet_315.cpp,
snippet_498.cpp,
snippet_495.cpp,
snippet_481.cpp,
snippet_318.cpp,
snippet_330.cpp,
snippet_456.cpp,
snippet_442.cpp,
snippet_324.cpp,
snippet_873.cpp,
snippet_88.cpp,
snippet_867.cpp,
snippet_697.cpp,
snippet_683.cpp,
snippet_668.cpp,
snippet_654.cpp,
snippet_63.cpp,
snippet_132.cpp,
snippet_126.cpp,
snippet_77.cpp,
snippet_640.cpp,
snippet_898.cpp,
snippet_907.cpp,
snippet_913.cpp,
snippet_708.cpp,
snippet_720.cpp,
snippet_734.cpp,
snippet_287.cpp,
snippet_293.cpp,
snippet_278.cpp,
snippet_244.cpp,
snippet_522.cpp,
snippet_536.cpp,
snippet_250.cpp,
snippet_537.cpp,
snippet_251.cpp,
snippet_245.cpp,
snippet_523.cpp,
snippet_279.cpp,
snippet_292.cpp,
snippet_286.cpp,
snippet_735.cpp,
snippet_721.cpp,
snippet_709.cpp,
snippet_912.cpp,
snippet_906.cpp,
snippet_76.cpp,
snippet_127.cpp,
snippet_899.cpp,
snippet_641.cpp,
snippet_655.cpp,
snippet_133.cpp,
snippet_62.cpp,
snippet_669.cpp,
snippet_682.cpp,
snippet_696.cpp,
snippet_89.cpp,
snippet_866.cpp,
snippet_872.cpp,
snippet_443.cpp,
snippet_325.cpp,
snippet_331.cpp,
snippet_457.cpp,
snippet_319.cpp,
snippet_480.cpp,
snippet_494.cpp,
snippet_482.cpp,
snippet_496.cpp,
snippet_469.cpp,
snippet_327.cpp,
snippet_441.cpp,
snippet_455.cpp,
snippet_333.cpp,
snippet_864.cpp,
snippet_870.cpp,
snippet_858.cpp,
snippet_680.cpp,
snippet_694.cpp,
snippet_48.cpp,
snippet_119.cpp,
snippet_643.cpp,
snippet_125.cpp,
snippet_74.cpp,
snippet_60.cpp,
snippet_131.cpp,
snippet_657.cpp,
snippet_910.cpp,
snippet_904.cpp,
snippet_938.cpp,
snippet_737.cpp,
snippet_723.cpp,
snippet_290.cpp,
snippet_284.cpp,
snippet_509.cpp,
snippet_253.cpp,
snippet_535.cpp,
snippet_521.cpp,
snippet_247.cpp,
snippet_520.cpp,
snippet_246.cpp,
snippet_252.cpp,
snippet_534.cpp,
snippet_508.cpp,
snippet_285.cpp,
snippet_291.cpp,
snippet_722.cpp,
snippet_736.cpp,
snippet_939.cpp,
snippet_905.cpp,
snippet_911.cpp,
snippet_130.cpp,
snippet_61.cpp,
snippet_656.cpp,
snippet_642.cpp,
snippet_75.cpp,
snippet_124.cpp,
snippet_118.cpp,
snippet_49.cpp,
snippet_695.cpp,
snippet_681.cpp,
snippet_859.cpp,
snippet_871.cpp,
snippet_865.cpp,
snippet_454.cpp,
snippet_332.cpp,
snippet_326.cpp,
snippet_440.cpp,
snippet_468.cpp,
snippet_497.cpp,
snippet_483.cpp,
snippet_487.cpp,
snippet_493.cpp,
snippet_444.cpp,
snippet_322.cpp,
snippet_336.cpp,
snippet_450.cpp,
snippet_478.cpp,
snippet_685.cpp,
snippet_849.cpp,
snippet_691.cpp,
snippet_861.cpp,
snippet_875.cpp,
snippet_120.cpp,
snippet_71.cpp,
snippet_646.cpp,
snippet_652.cpp,
snippet_65.cpp,
snippet_134.cpp,
snippet_108.cpp,
snippet_59.cpp,
snippet_929.cpp,
snippet_915.cpp,
snippet_901.cpp,
snippet_732.cpp,
snippet_726.cpp,
snippet_295.cpp,
snippet_281.cpp,
snippet_530.cpp,
snippet_256.cpp,
snippet_242.cpp,
snippet_524.cpp,
snippet_518.cpp,
snippet_519.cpp,
snippet_243.cpp,
snippet_525.cpp,
snippet_531.cpp,
snippet_257.cpp,
snippet_280.cpp,
snippet_294.cpp,
snippet_727.cpp,
snippet_733.cpp,
snippet_900.cpp,
snippet_914.cpp,
snippet_928.cpp,
snippet_58.cpp,
snippet_109.cpp,
snippet_653.cpp,
snippet_135.cpp,
snippet_64.cpp,
snippet_70.cpp,
snippet_121.cpp,
snippet_647.cpp,
snippet_874.cpp,
snippet_860.cpp,
snippet_690.cpp,
snippet_848.cpp,
snippet_684.cpp,
snippet_479.cpp,
snippet_337.cpp,
snippet_451.cpp,
snippet_445.cpp,
snippet_323.cpp,
snippet_492.cpp,
snippet_486.cpp,
snippet_490.cpp,
snippet_484.cpp,
snippet_453.cpp,
snippet_335.cpp,
snippet_321.cpp,
snippet_447.cpp,
snippet_309.cpp,
snippet_692.cpp,
snippet_686.cpp,
snippet_99.cpp,
snippet_876.cpp,
snippet_862.cpp,
snippet_66.cpp,
snippet_137.cpp,
snippet_651.cpp,
snippet_889.cpp,
snippet_645.cpp,
snippet_123.cpp,
snippet_72.cpp,
snippet_679.cpp,
snippet_902.cpp,
snippet_916.cpp,
snippet_725.cpp,
snippet_731.cpp,
snippet_719.cpp,
snippet_282.cpp,
snippet_296.cpp,
snippet_527.cpp,
snippet_241.cpp,
snippet_255.cpp,
snippet_533.cpp,
snippet_269.cpp,
snippet_268.cpp,
snippet_254.cpp,
snippet_532.cpp,
snippet_526.cpp,
snippet_240.cpp,
snippet_297.cpp,
snippet_283.cpp,
snippet_718.cpp,
snippet_730.cpp,
snippet_724.cpp,
snippet_917.cpp,
snippet_903.cpp,
snippet_678.cpp,
snippet_644.cpp,
snippet_73.cpp,
snippet_122.cpp,
snippet_136.cpp,
snippet_67.cpp,
snippet_888.cpp,
snippet_650.cpp,
snippet_863.cpp,
snippet_98.cpp,
snippet_877.cpp,
snippet_687.cpp,
snippet_693.cpp,
snippet_308.cpp,
snippet_320.cpp,
snippet_446.cpp,
snippet_452.cpp,
snippet_334.cpp,
snippet_485.cpp,
snippet_491.cpp,
snippet_390.cpp,
snippet_384.cpp,
snippet_409.cpp,
snippet_435.cpp,
snippet_353.cpp,
snippet_347.cpp,
snippet_421.cpp,
snippet_810.cpp,
snippet_804.cpp,
snippet_192.cpp,
snippet_8.cpp,
snippet_838.cpp,
snippet_186.cpp,
snippet_179.cpp,
snippet_28.cpp,
snippet_151.cpp,
snippet_637.cpp,
snippet_623.cpp,
snippet_14.cpp,
snippet_145.cpp,
snippet_964.cpp,
snippet_970.cpp,
snippet_780.cpp,
snippet_958.cpp,
snippet_794.cpp,
snippet_743.cpp,
snippet_757.cpp,
snippet_582.cpp,
snippet_596.cpp,
snippet_569.cpp,
snippet_541.cpp,
snippet_227.cpp,
snippet_233.cpp,
snippet_555.cpp,
snippet_232.cpp,
snippet_554.cpp,
snippet_540.cpp,
snippet_226.cpp,
snippet_568.cpp,
snippet_597.cpp,
snippet_583.cpp,
snippet_756.cpp,
snippet_742.cpp,
snippet_795.cpp,
snippet_959.cpp,
snippet_781.cpp,
snippet_971.cpp,
snippet_965.cpp,
snippet_622.cpp,
snippet_144.cpp,
snippet_15.cpp,
snippet_150.cpp,
snippet_636.cpp,
snippet_29.cpp,
snippet_178.cpp,
snippet_839.cpp,
snippet_9.cpp,
snippet_187.cpp,
snippet_193.cpp,
snippet_805.cpp,
snippet_811.cpp,
snippet_346.cpp,
snippet_420.cpp,
snippet_434.cpp,
snippet_352.cpp,
snippet_408.cpp,
snippet_385.cpp,
snippet_391.cpp,
snippet_387.cpp,
snippet_393.cpp,
snippet_378.cpp,
snippet_422.cpp,
snippet_344.cpp,
snippet_350.cpp,
snippet_436.cpp,
snippet_807.cpp,
snippet_813.cpp,
snippet_185.cpp,
snippet_191.cpp,
snippet_608.cpp,
snippet_17.cpp,
snippet_146.cpp,
snippet_620.cpp,
snippet_634.cpp,
snippet_152.cpp,
snippet_973.cpp,
snippet_967.cpp,
snippet_797.cpp,
snippet_783.cpp,
snippet_768.cpp,
snippet_754.cpp,
snippet_740.cpp,
snippet_595.cpp,
snippet_581.cpp,
snippet_218.cpp,
snippet_556.cpp,
snippet_230.cpp,
snippet_224.cpp,
snippet_542.cpp,
snippet_225.cpp,
snippet_543.cpp,
snippet_557.cpp,
snippet_231.cpp,
snippet_219.cpp,
snippet_580.cpp,
snippet_594.cpp,
snippet_741.cpp,
snippet_755.cpp,
snippet_769.cpp,
snippet_782.cpp,
snippet_796.cpp,
snippet_966.cpp,
snippet_972.cpp,
snippet_635.cpp,
snippet_153.cpp,
snippet_147.cpp,
snippet_16.cpp,
snippet_621.cpp,
snippet_609.cpp,
snippet_190.cpp,
snippet_184.cpp,
snippet_812.cpp,
snippet_806.cpp,
snippet_351.cpp,
snippet_437.cpp,
snippet_423.cpp,
snippet_345.cpp,
snippet_379.cpp,
snippet_392.cpp,
snippet_386.cpp,
snippet_382.cpp,
snippet_396.cpp,
snippet_341.cpp,
snippet_427.cpp,
snippet_433.cpp,
snippet_355.cpp,
snippet_369.cpp,
snippet_180.cpp,
snippet_194.cpp,
snippet_802.cpp,
snippet_816.cpp,
snippet_625.cpp,
snippet_12.cpp,
snippet_143.cpp,
snippet_157.cpp,
snippet_631.cpp,
snippet_619.cpp,
snippet_792.cpp,
snippet_786.cpp,
snippet_976.cpp,
snippet_962.cpp,
snippet_989.cpp,
snippet_751.cpp,
snippet_745.cpp,
snippet_779.cpp,
snippet_590.cpp,
snippet_584.cpp,
snippet_235.cpp,
snippet_553.cpp,
snippet_547.cpp,
snippet_221.cpp,
snippet_209.cpp,
snippet_208.cpp,
snippet_546.cpp,
snippet_220.cpp,
snippet_234.cpp,
snippet_552.cpp,
snippet_585.cpp,
snippet_591.cpp,
snippet_778.cpp,
snippet_744.cpp,
snippet_750.cpp,
snippet_988.cpp,
snippet_963.cpp,
snippet_977.cpp,
snippet_787.cpp,
snippet_793.cpp,
snippet_618.cpp,
snippet_156.cpp,
snippet_630.cpp,
snippet_624.cpp,
snippet_142.cpp,
snippet_13.cpp,
snippet_817.cpp,
snippet_803.cpp,
snippet_195.cpp,
snippet_181.cpp,
snippet_368.cpp,
snippet_432.cpp,
snippet_354.cpp,
snippet_340.cpp,
snippet_426.cpp,
snippet_397.cpp,
snippet_383.cpp,
snippet_395.cpp,
snippet_381.cpp,
snippet_356.cpp,
snippet_430.cpp,
snippet_424.cpp,
snippet_342.cpp,
snippet_418.cpp,
snippet_829.cpp,
snippet_197.cpp,
snippet_183.cpp,
snippet_815.cpp,
snippet_801.cpp,
snippet_632.cpp,
snippet_154.cpp,
snippet_11.cpp,
snippet_140.cpp,
snippet_626.cpp,
snippet_39.cpp,
snippet_168.cpp,
snippet_785.cpp,
snippet_791.cpp,
snippet_949.cpp,
snippet_961.cpp,
snippet_975.cpp,
snippet_746.cpp,
snippet_752.cpp,
snippet_587.cpp,
snippet_593.cpp,
snippet_222.cpp,
snippet_544.cpp,
snippet_550.cpp,
snippet_236.cpp,
snippet_578.cpp,
snippet_579.cpp,
snippet_551.cpp,
snippet_237.cpp,
snippet_223.cpp,
snippet_545.cpp,
snippet_592.cpp,
snippet_586.cpp,
snippet_753.cpp,
snippet_747.cpp,
snippet_974.cpp,
snippet_960.cpp,
snippet_948.cpp,
snippet_790.cpp,
snippet_784.cpp,
snippet_169.cpp,
snippet_38.cpp,
snippet_141.cpp,
snippet_10.cpp,
snippet_627.cpp,
snippet_633.cpp,
snippet_155.cpp,
snippet_800.cpp,
snippet_814.cpp,
snippet_182.cpp,
snippet_828.cpp,
snippet_196.cpp,
snippet_419.cpp,
snippet_425.cpp,
snippet_343.cpp,
snippet_357.cpp,
snippet_431.cpp,
snippet_380.cpp,
snippet_394.cpp,
